art,name,strasse,plz,ort,telefon,email,traeger,bezirk
hort,Caritas Hort,Schulgasse 23,4950,Altheim,0676/8776-5911,hort.altheim@caritas-ooe.at,Caritas,Braunau
krabbelstube,Caritas Krabbelstube,Wiesnerstraße 3,4950,Altheim,0676/8776-5922,krabbelstube.altheim@caritas-ooe.at,Caritas,Braunau
kindergarten,Pfarrcaritas Kindergarten,Bettmesserstraße  6,4950,Altheim,07723/42 798,KG404244@pfarrcaritas-kita.at,Pfarrcaritas,Braunau
kindergarten,Pfarrcaritas Kindergarten,Wiesnerstraße 3,4950,Altheim,07723/44 444,KG404245@pfarrcaritas-kita.at,Pfarrcaritas,Braunau
kindergarten,Pfarrcaritas Kindergarten,Nr. 19,5251,Höhnhart,07755/7595,KG404247@pfarrcaritas-kita.at,Pfarrcaritas,Braunau
krabbelstube,Pfarrcaritas Krabbelstube,Nr. 19,5251,Höhnhart,07755/7595,KS404119@pfarrcaritas-kita.at,Pfarrcaritas,Braunau
kindergarten,Caritas Kindergarten,Mattseerstraße 6,5230,Mattighofen,07742/2649,kindergarten.mattighofen@caritas-ooe.at,Caritas,Braunau
kindergarten,Pfarrcaritas Kindergarten,Untermarkt 36,5270,Mauerkirchen,07724/2203,KG404250@pfarrcaritas-kita.at,Pfarrcaritas,Braunau
krabbelstube,Pfarrcaritas Krabbelstube,Untermarkt 36,5270,Mauerkirchen,07724/2203,KS404110@pfarrcaritas-kita.at,Pfarrcaritas,Braunau
kindergarten,Pfarrcaritas Kindergarten,Bradirn 102,5222,Munderfing Waldgruppe,07744/20031,KG404001@pfarrcaritas-kita.at,Pfarrcaritas,Braunau
kindergarten,Pfarrcaritas Kindergarten,Nr. 58,5222,Munderfing,07744/20293,KG404251@pfarrcaritas-kita.at,Pfarrcaritas,Braunau
kindergarten,Pfarrcaritas Kindergarten,Pichl 9,5145,Neukirchen/Enknach,0676-824445-07,KG404253@pfarrcaritas-kita.at,Pfarrcaritas,Braunau
krabbelstube,Pfarrcaritas Krabbelstube,Pichl 9,5145,Neukirchen/Enknach,0676-82444507,KS404112@pfarrcaritas-kita.at,Pfarrcaritas,Braunau
kindergarten,Pfarrcaritas Kindergarten,Bernhoferstraße 22,5261,Uttendorf,07724/2814,KG404246@pfarrcaritas-kita.at,Pfarrcaritas,Braunau
kindergarten,Pfarrcaritas Kindergarten,Pfarrgasse 1,4081,Hartkirchen,07273/8244,KG405212@pfarrcaritas-kita.at,Pfarrcaritas,Eferding
krabbelstube,Pfarrcaritas Krabbelstube,Pfarrgasse 1,4081,Hartkirchen,07273/8244,KS405104@pfarrcaritas-kita.at,Pfarrcaritas,Eferding
kindergarten,Pfarrcaritas Kindergarten,Kapellenweg 1,4731,Prambachkirchen,0676/897493320,KG405213@pfarrcaritas-kita.at,Pfarrcaritas,Eferding
krabbelstube,Pfarrcaritas Krabbelstube,Kapellenweg 1,4731,Prambachkirchen,07277-2062,KS405103@pfarrcaritas-kita.at,Pfarrcaritas,Eferding
kindergarten,Pfarrcaritas Kindergarten,Rieglstraße 7,4283,Bad Zell,07263/6102,KG406213@pfarrcaritas-kita.at,Pfarrcaritas,Freistadt
krabbelstube,Pfarrcaritas Krabbelstube,Rieglstraße 7,4283,Bad Zell,07263/61026,KS406113@pfarrcaritas-kita.at,Pfarrcaritas,Freistadt
kindergarten,Pfarrcaritas Kindergarten,Bahnhofstraße 3,4240,Freistadt,07942/72486,KG406215@pfarrcaritas-kita.at,Pfarrcaritas,Freistadt
kindergarten,Pfarrcaritas Kindergarten,Ginzkeystraße 10,4240,Freistadt,07942/72505,KG406219@pfarrcaritas-kita.at,Pfarrcaritas,Freistadt
kindergarten,Pfarrcaritas Kindergarten,St. Oswalderstraße 2,4293,Gutau,07946/6655,KG406220@pfarrcaritas-kita.at,Pfarrcaritas,Freistadt
krabbelstube,Pfarrcaritas Krabbelstube,St. Oswaldstraße  2,4293,Gutau,07946/6655,KS406109@pfarrcaritas-kita.at,Pfarrcaritas,Freistadt
kindergarten,Pfarrcaritas Kindergarten,Hauptstraße  102,4232,Hagenberg,07236/7602,KG406222@pfarrcaritas-kita.at,Pfarrcaritas,Freistadt
krabbelstube,Pfarrcaritas Krabbelstube,Haupstraße 102,4232,Hagenberg,07236/7602,KS406102@pfarrcaritas-kita.at,Pfarrcaritas,Freistadt
kindergarten,Pfarrcaritas Kindergarten,Schulstraße  2,4242,Hirschbach,07948/2554,KG406223@pfarrcaritas-kita.at,Pfarrcaritas,Freistadt
kindergarten,Pfarrcaritas Kindergarten,Nr. 22,4273,Kaltenberg,0681/20784871,KG406224@pfarrcaritas-kita.at,Pfarrcaritas,Freistadt
kindergarten,Pfarrcaritas Kindergarten,Unterer Markt 8,4292,Kefermarkt,07947/6419,KG406225@pfarrcaritas-kita.at,Pfarrcaritas,Freistadt
kindergarten,Pfarrcaritas Kindergarten,Oswalderstraße 8,4291,Lasberg,07947/74200,KG406226@pfarrcaritas-kita.at,Pfarrcaritas,
krabbelstube,Pfarrcaritas Krabbelstube,Oswalderstraße  8,4291,Lasberg,0664/3834812,KS406108@pfarrcaritas-kita.at,Pfarrcaritas,
kindergarten,Pfarrcaritas Kindergarten,Nr. 109,4252,Liebenau,0681/20794397,KG406227@pfarrcaritas-kita.at,Pfarrcaritas,
kindergarten,Pfarrcaritas Kindergarten,Schulstraße  19 / 3,4282,"Pierbach ""St. Elisabeth""",0664/73141890,KG406301@pfarrcaritas-kita.at,Pfarrcaritas,
kindergarten,Pfarrcaritas Kindergarten,Gutauerstraße 26,4230,Pregarten,07236/2487-0,KG406228@pfarrcaritas-kita.at,Pfarrcaritas,
krabbelstube,Pfarrcaritas Krabbelstube,Gutauerstraße 26,4230,Pregarten,07236/2487-0,KS406112@pfarrcaritas-kita.at,Pfarrcaritas,
kindergarten,Kindergarten Vereins f. Franziskanische Bildung,Summerauer Straße 7,4261,Rainbach i. M.,07949/63530,office@vffb.or.at,VFFB,
krabbelstube,Krabbelstube Vereins f. Franziskanische Bildung,Summerauer Straße 7,4261,Rainbach i. M.,07949/63530,office@vffb.or.at,VFFB,
kindergarten,Pfarrcaritas Kindergarten,Schulgasse 1,4294,St. Leonhard,0676/8776-6659,KG406231@pfarrcaritas-kita.at,Pfarrcaritas,
kindergarten,Pfarrcaritas Kindergarten,Weberstraße 6,4284,Tragwein,07263/88554,KG406232@pfarrcaritas-kita.at,Pfarrcaritas,
krabbelstube,Pfarrcaritas Krabbelstube,Weberstraße 6,4284,Tragwein,07263/88554,KS406110@pfarrcaritas-kita.at,Pfarrcaritas,
kindergarten,Pfarrcaritas Kindergarten,Markt 65,4273,Unterweißenbach,07956/7370,KG406233@pfarrcaritas-kita.at,Pfarrcaritas,
krabbelstube,Pfarrcaritas Krabbelstube,Markt 22,4273,Unterweißenbach,0676/8776-6677,KS406121@pfarrcaritas-kita.at,Pfarrcaritas,
kindergarten,Pfarrcaritas Kindergarten,Pfarrplatz 3,4224,Wartberg/Aist,0676/64 39 890,KG406236@pfarrcaritas-kita.at,Pfarrcaritas,
krabbelstube,Pfarrcaritas Krabbelstube,Schulstraße 6,4224,"Wartberg ""Ich bin ich""",0676/5005606,KS406104@pfarrcaritas-kita.at,Pfarrcaritas,
kindergarten,Pfarrcaritas Kindergarten,Nr. 60,4272,Weitersfelden,0664/75132737,KG406237@pfarrcaritas-kita.at,Pfarrcaritas,
krabbelstube,Pfarrcaritas Krabbelstube,Lindenstraße 6,4813,Altmünster,0664/8484548,KS407104@pfarrcaritas-kita.at,Pfarrcaritas,
kindergarten,Kindergarten Schulverein der Kreuzschwestern,Gottlieb-Oberhauser-Str. 15,4822,Bad Goisern,06135/41191,kiga@badgoisern.kreuzschwestern.at,Kreuzschwestern,
kindergarten,Pfarrcaritas Kindergarten,Wirerstraße 14,4820,Bad Ischl,06768776-6747,KG407234@pfarrcaritas-kita.at,Pfarrcaritas,
kindergarten,Pfarrcaritas Kindergarten,Steinkogelstraße 3,4802,Ebensee Roith,0676/8776-6635,KG407236@pfarrcaritas-kita.at,Pfarrcaritas,
kindergarten,Pfarrcaritas Kindergarten,Langbathstraße 44,4802,Ebensee St. Josefshaus,0676/8776-6785,KG407235@pfarrcaritas-kita.at,Pfarrcaritas,
hort,Hort Schulverein der Kreuzschwestern,Pensionatstraße 9,4810,Gmunden,07612/64951/28,hort@gmunden.kreuzschwestern.at,Kreuzschwestern,
kindergarten,Kindergarten Schulverein der Kreuzschwestern,Pensionatstraße 9,4810,Gmunden,07612/64951-26,kiga@gmunden.kreuzschwestern.at,Kreuzschwestern,
kindergarten,Pfarrcaritas Kindergarten,Kirchenplatz  5,4645,Grünau im Almtal,07616/8437,KG407238@pfarrcaritas-kita.at,Pfarrcaritas,
krabbelstube,Pfarrcaritas Krabbelstube,Alt-Gschwandt 2,4816,Gschwandt,07612/67993,KS407114@pfarrcaritas-kita.at,Pfarrcaritas,
kindergarten,Pfarrcaritas Kindergarten,Alt Gschwandt 2,4816,Gschwandt,07612/67993,KG407239@pfarrcaritas-kita.at,Pfarrcaritas,
kindergarten,Pfarrcaritas Kindergarten,Salzbergstraße 22,4830,Hallstatt,0676/87765921,KG407240@pfarrcaritas-kita.at,Pfarrcaritas,
kindergarten,Pfarrcaritas Kindergarten,Neukirchen 79,4814,Neukirchen/Altmünster,07618/21200-30,KG407242@pfarrcaritas-kita.at,Pfarrcaritas,
krabbelstube,Pfarrcaritas Krabbelstube,Neukirchen 79,4814,Neukirchen/Altmünster,07618/820613,KS407129@pfarrcaritas-kita.at,Pfarrcaritas,
kindergarten,Pfarrcaritas Kindergarten,Reindlmühl 7,4814,Altmünster Reindlmühl,07618-7235-14,KG407302@pfarrcaritas-kita.at,Pfarrcaritas,
krabbelstube,Pfarrcaritas Krabbelstube,Reindlmühl 7,4814,Altmünster Reindlmühl,07618/7235-13,KS407123@pfarrcaritas-kita.at,Pfarrcaritas,
kindergarten,Pfarrcaritas Kindergarten,Hauptstraße  31,4694,Ohlsdorf I,07612/47725,KG407244@pfarrcaritas-kita.at,Pfarrcaritas,
kindergarten,Pfarrcaritas Kindergarten,Wöhrerstraße 4,4694,Ohlsdorf II,07612/47028,KG407245@pfarrcaritas-kita.at,Pfarrcaritas,
kindergarten,Pfarrcaritas Kindergarten,Wöhrerstraße  6,4694,Ohlsdorf III,0676/846940121,KG407250@pfarrcaritas-kita.at,Pfarrcaritas,
krabbelstube,Pfarrcaritas Krabbelstube,Pfarrhofstraße 5a,4661,Roitham,07613/5320,KS407102@pfarrcaritas-kita.at,Pfarrcaritas,
kindergarten,Pfarrcaritas Kindergarten,Markt 199,5360,St. Wolfgang,06138/2553,KG407247@pfarrcaritas-kita.at,Pfarrcaritas,
kindergarten,Pfarrcaritas Kindergarten,Rußbach 14,5360,St. Wolfgang Rußbach,0676/4455950,KG407230@pfarrcaritas-kita.at,Pfarrcaritas,
krabbelstube,Pfarrcaritas Krabbelstube,Markt 199,5360,St. Wolfgang,06138/2553,KS407113@pfarrcaritas-kita.at,Pfarrcaritas,
kindergarten,Pfarrcaritas Kindergarten,Kindergartenstraße 3,4801,Traunkirchen,07617/2318,KG407248@pfarrcaritas-kita.at,Pfarrcaritas,
krabbelstube,Pfarrcaritas Krabbelstube,Kindergartenstraße 3,4801,Traunkirchen,0664/1552530,KS407126@pfarrcaritas-kita.at,Pfarrcaritas,
kindergarten,Pfarrcaritas Kindergarten,Ziegeleistraße 21,4701,Bad Schallerbach,07249/48686,KG408221@pfarrcaritas-kita.at,Pfarrcaritas,Grieskirchen
krabbelstube,Pfarrcaritas Krabbelstube,Ziegeleistraße 21,4701,Bad Schallerbach,07249/48686,KS408108@pfarrcaritas-kita.at,Pfarrcaritas,Grieskirchen
kindergarten,Pfarrcaritas Kindergarten,Pfarrhofweg 5,4673,Gaspoltshofen,07735/6846,KG408222@pfarrcaritas-kita.at,Pfarrcaritas,Grieskirchen
krabbelstube,Pfarrcaritas Krabbelstube,Pfarrhofweg 5,4673,Gaspoltshofen,07735/6846,KS408110@pfarrcaritas-kita.at,Pfarrcaritas,Grieskirchen
kindergarten,Ordenskindergarten der Borromäerinnen,Roßmarkt 28,4710,Grieskirchen,07248/68191,office@vffb.or.at,VFFB,Grieskirchen
krabbelstube,Krabbelstube Verein f. Franziskanische Bildung,Wagnleithnerstraße 28,4710,Grieskirchen,07248/601-6376,office@vffb.or.at,VFFB,Grieskirchen
kindergarten,Pfarrcaritas Kindergarten,Schulstraße  1,4716,Hofkirchen/Trattnach,07734/2669,KG408225@pfarrcaritas-kita.at,Pfarrcaritas,Grieskirchen
krabbelstube,Pfarrcaritas Krabbelstube,Schulstraße 1,4716,Hofkirchen/Trattnach,07734/2669,KS408101@pfarrcaritas-kita.at,Pfarrcaritas,Grieskirchen
kindergarten,Pfarrcaritas Kindergarten,Anzenberger Straße  1,4633,Kematen/Innbach,07247/20293,KG408226@pfarrcaritas-kita.at,Pfarrcaritas,Grieskirchen
krabbelstube,Pfarrcaritas Krabbelstube,Kindergartenstr. 2,4633,Kematen/Innbach,07247/20293,KS408118@pfarrcaritas-kita.at,Pfarrcaritas,Grieskirchen
krabbelstube,Pfarrcaritas Krabbelstube,Pühretstraße 14,4724,Neukirchen/Walde,07278/3256,KS408122@pfarrcaritas-kita.at,Pfarrcaritas,
kindergarten,Pfarrcaritas Kindergarten,Pogbergstraße 5,4720,Neumarkt/Hrk.,07733/7390,KG408228@pfarrcaritas-kita.at,Pfarrcaritas,
kindergarten,Caritas Kindergarten,Nr. 22,4720,Pötting,07733/7285-19,kindergarten.poetting@caritas-ooe.at,Caritas,
hort,Pfarrcaritas Hort,Marktstr. 1,4742,Pram,0650/6234002,HO408603@pfarrcaritas-kita.at,Pfarrcaritas,
kindergarten,Pfarrcaritas Kindergarten,Hofmark 31,4742,Pram,0650/6201,KG408230@pfarrcaritas-kita.at,Pfarrcaritas,
krabbelstube,Pfarrcaritas Krabbelstube,Hofmark 31,4742,Pram,07736/6201,KS408113@pfarrcaritas-kita.at,Pfarrcaritas,
kindergarten,Pfarrcaritas Kindergarten,Kuefsteinweg 2,4730,Waizenkirchen,07277/2404,KG408232@pfarrcaritas-kita.at,Pfarrcaritas,
krabbelstube,Pfarrcaritas Krabbelstube,Kuefsteinweg 2,4730,Waizenkirchen,07277/2404,KS408116@pfarrcaritas-kita.at,Pfarrcaritas,
kindergarten,Pfarrcaritas Kindergarten,Kindergartenweg 3,4675,Weibern,07732/3442,KG408233@pfarrcaritas-kita.at,Pfarrcaritas,
krabbelstube,Pfarrcaritas Krabbelstube,Kindergartenweg 3,4675,Weibern,07732/3442,KS408114@pfarrcaritas-kita.at,Pfarrcaritas,
kindergarten,Pfarrcaritas Kindergarten,Schulstraße  6,4741,Wendling,07736/6158,KG408234@pfarrcaritas-kita.at,Pfarrcaritas,
krabbelstube,Pfarrcaritas Krabbelstube,Schulstraße 8,4741,Wendling,07736/6158,KS408127@pfarrcaritas-kita.at,Pfarrcaritas,
hort,Pfarrcaritas Hort,Schulstraße  7,4550,Kremsmünster,0676/8244-3141,HO409603@pfarrcaritas-kita.at,Pfarrcaritas,Kirchdorf
kindergarten,Pfarrcaritas Kindergarten,Guntendorf  32,4550,Kremsmünster Krühub,07583/6870,KG409221@pfarrcaritas-kita.at,Pfarrcaritas,Kirchdorf
kindergarten,Pfarrcaritas Kindergarten,Josef-Lederhilger-Straße 1,4550,Kremsmünster Kremsegg,07583/8402,KG409220@pfarrcaritas-kita.at,Pfarrcaritas,Kirchdorf
kindergarten,Pfarrcaritas Kindergarten,Burgfried 1,4550,Kremsmünster Stift,07583/7701,KG409219@pfarrcaritas-kita.at,Pfarrcaritas,Kirchdorf
kindergarten,Pfarrcaritas Kindergarten,Hofwiese 82,4550,Kremsmünster Hofwiese,07583/50475,KG409231@pfarrcaritas-kita.at,Pfarrcaritas,
krabbelstube,Pfarrcaritas Krabbelstube,Hofwiese 82,4550,Kremsmünster Hofwiese,0680/2074767,KS409109@pfarrcaritas-kita.at,Pfarrcaritas,
krabbelstube,Pfarrcaritas Krabbelstube,Franz-Hönigstraße 10,4550,Kremsmünster Markt,07583/7801,KS409116@pfarrcaritas-kita.at,Pfarrcaritas,
hort,Caritas Hort,Kirchdorferstr. 4,4643,Pettenbach,0676/8244-3141,hort.pettenbach@caritas-ooe.at,Caritas,
kindergarten,Pfarrcaritas Kindergarten,Kirchenplatz 17,4643,Pettenbach,07586/7373,KG409223@pfarrcaritas-kita.at,Pfarrcaritas,
kindergarten,Pfarrcaritas Kindergarten,Welserstr. 1,4643,Pettenbach,07586/60466,KG409244@pfarrcaritas-kita.at,Pfarrcaritas,
krabbelstube,Pfarrcaritas Krabbelstube,Welser Str.  1,4643,Pettenbach,07586/60466,KS409114@pfarrcaritas-kita.at,Pfarrcaritas,
kindergarten,Pfarrcaritas Kindergarten,Weinmeisterstraße 11,4582,Spital am Pyhrn,07563/7001,KG409224@pfarrcaritas-kita.at,Pfarrcaritas,
krabbelstube,Pfarrcaritas Krabbelstube,Weinmeisterstraße 11,4582,Spital am Pyhrn,07563/7001,KS409119@pfarrcaritas-kita.at,Pfarrcaritas,
kindergarten,Pfarrcaritas Kindergarten,Spießengraben 2,4562,Steinbach/Zbg.,0676/82444582,KG409226@pfarrcaritas-kita.at,Pfarrcaritas,
kindergarten,Pfarrcaritas Kindergarten,Schulstraße 23,4596,Steinbach/Steyr,07257/7073,KG409225@pfarrcaritas-kita.at,Pfarrcaritas,
kindergarten,Pfarrcaritas Kindergarten,Kirchenplatz 5,4552,Wartberg/Krems,07587/7833,KG409227@pfarrcaritas-kita.at,Pfarrcaritas,
krabbelstube,Pfarrcaritas Krabbelstube,Kirchenplatz 3,4552,Wartberg/Krems,07587/7833-11,KS409107@pfarrcaritas-kita.at,Pfarrcaritas,
hort,Pfarrcaritas Hort,Gleinkerseestr. 15,4580,Windischgarsten,0664/4502321,HO409702@pfarrcaritas-kita.at,Pfarrcaritas,
kindergarten,Pfarrcaritas Kindergarten,Svetlinstraße 8,4580,Windischgarsten,07562/7561,KG409228@pfarrcaritas-kita.at,Pfarrcaritas,
krabbelstube,Pfarrcaritas Krabbelstube,Svetlinstraße 8,4580,Windischgarsten,07562/7561,KS409115@pfarrcaritas-kita.at,Pfarrcaritas,
krabbelstube,Betriebskrabbelstube Krankenhaus BHS/BHB,Steingasse 4,4020,Linz,0732/7677-50034,kiga.steingasse@gmx.at,Kirchlich (sonst.),
kindergarten,Betriebskindergarten der RLB OÖ,Europaplatz 6,4020,Linz,0676/8776-5925,kita.rlb@gmx.at,Kirchlich (sonst.),
krabbelstube,Betriebskrabbelstube der RLB OÖ,Europaplatz 6,4020,Linz,0676/8776-5925,kita.rlb@gmx.at,Kirchlich (sonst.),
kindergarten,Caritas Kindergarten,Pillweinstraße 11,4020,Linz,0732/655976,kindergarten.linz.pillweinstrasse@caritas-ooe.at,Caritas,
hort,Ordenshort Schulverein der Kreuzschwestern,Stockhofstraße  30,4020,Linz,0732/664871/2316,kigalinz@eduhi.at,Kreuzschwestern,
hort,Hort Vereins f. Franziskanische Bildung,Wiener Straße 26,4020,Linz,0732/652256-26,office@vffb.or.at,VFFB,
kindergarten,Kindergarten Schulverein der Kreuzschwestern,Kroatengasse 9,4020,Linz,0732/664871-2316,kigalinz@eduhi.at,Kreuzschwestern,
kindergarten,Pfarrcaritas Kindergarten,Schubertstraße 5,4020,Linz Hl. Familie,0676/8776-5926,KG401268@pfarrcaritas-kita.at,Pfarrcaritas,
kindergarten,Pfarrcaritas Kindergarten,Wieningerstraße 14,4020,Linz Hlgst. Dreifaltigkeit,0732/374070,KG401275@pfarrcaritas-kita.at,Pfarrcaritas,
kindergarten,Pfarrcaritas Kindergarten,Falterweg 35,4030,Linz-Pichling St. Paul,0732/320724,KG401258@pfarrcaritas-kita.at,Pfarrcaritas,
kindergarten,Pfarrcaritas Kindergarten,Blütenstraße 15,4040,Linz Schwalbennest,0732/733368,KG401255@pfarrcaritas-kita.at,Pfarrcaritas,
kindergarten,Pfarrcaritas Kindergarten,Salzburgerstraße 22,4020,Linz St. Antonius,0732/346379,KG401267@pfarrcaritas-kita.at,Pfarrcaritas,
kindergarten,Pfarrcaritas Kindergarten,Neubauzeile 68,4030,Linz St. Franziskus,0732/325018,KG401263@pfarrcaritas-kita.at,Pfarrcaritas,
kindergarten,Pfarrcaritas Kindergarten,Händelstraße 30,4020,Linz St. Konrad,0732/652096,KG401259@pfarrcaritas-kita.at,Pfarrcaritas,
kindergarten,Pfarrcaritas Kindergarten,Landgutstraße  31a,4040,Linz St. Leopold,0732/736193,KG401261@pfarrcaritas-kita.at,Pfarrcaritas,
kindergarten,Pfarrcaritas Kindergarten,St. Margarethen   47a,4020,Linz St. Margarethen,0676/8776-5901,KG401270@pfarrcaritas-kita.at,Pfarrcaritas,
kindergarten,Pfarrcaritas Kindergarten,Uhlandgasse 3,4020,Linz St. Michael,0732/343163,KG401274@pfarrcaritas-kita.at,Pfarrcaritas,
kindergarten,Pfarrcaritas Kindergarten,Wallenbergstraße 21,4020,Linz St. Peter,0732/330210,KG401273@pfarrcaritas-kita.at,Pfarrcaritas,
kindergarten,Pfarrcaritas Kindergarten,Losensteinerstraße 1,4020,Linz St. Theresia,0732/670111,KG401262@pfarrcaritas-kita.at,Pfarrcaritas,
kindergarten,Pfarrcaritas Kindergarten,Hölderlinstraße 24,4040,Linz Christkönig,0732/715735,KG401260@pfarrcaritas-kita.at,Pfarrcaritas,
kindergarten,Pfarrcaritas Kindergarten,Peuerbachstraße 14,4040,Linz Christkönig,0732/710494,KG401264@pfarrcaritas-kita.at,Pfarrcaritas,
kindergarten,Pfarrcaritas Kindergarten,Am Steinbühel 29,4030,Linz Guter Hirte,0732/381289,KG401253@pfarrcaritas-kita.at,Pfarrcaritas,
kindergarten,Pfarrcaritas Kindergarten,Schumpeterstraße 1,4040,Linz Hl. Geist,0676/8776-5912,KG401269@pfarrcaritas-kita.at,Pfarrcaritas,
kindergarten,Pfarrcaritas Kindergarten,Aubrunnerweg 11,4040,Linz St. Berthold,0676/8776-5905,KG401254@pfarrcaritas-kita.at,Pfarrcaritas,
kindergarten,Pfarrcaritas Kindergarten,Fadingerplatz 7,4030,Linz Ebelsberg,0732/307742,KG401271@pfarrcaritas-kita.at,Pfarrcaritas,
kindergarten,Pfarrcaritas Kindergarten,Kirchengasse  2a,4481,Asten,07224/66357,KG410239@pfarrcaritas-kita.at,Pfarrcaritas,Linz Land
kindergarten,Pfarrcaritas Kindergarten,Edelmannstr. 4,4622,Eggendorf,07228/6147,KG410241@pfarrcaritas-kita.at,Pfarrcaritas,Linz Land
krabbelstube,Pfarrcaritas Krabbelstube,Edelmannstr. 4,4622,Eggendorf,07228/6147,KS410124@pfarrcaritas-kita.at,Pfarrcaritas,Linz Land
kindergarten,Pfarrcaritas Kindergarten,Lauriacumstraße 4,4470,Enns St. Laurenz,0676/8776-5071,KG410243@pfarrcaritas-kita.at,Pfarrcaritas,Linz Land
kindergarten,Pfarrcaritas Kindergarten,P.-Othmar-Sterr-Weg 1,4470,Enns St. Marien,0676/8776-6605,KG410242@pfarrcaritas-kita.at,Pfarrcaritas,Linz Land
hort,Caritas Hort,Weichstettenstraße 7,4492,Hofkirchen/Trkrs.,0676/8776-5913,hort.hofkirchen@caritas-ooe.at,Caritas,Linz Land
kindergarten,Pfarrcaritas Kindergarten,Dorfplatz 2,4492,Hofkirchen/Trkr.,07225/7272-34,KG410244@pfarrcaritas-kita.at,Pfarrcaritas,Linz Land
krabbelstube,Pfarrcaritas Krabbelstube,Dorfplatz 2,4492,Hofkirchen/Trk.,07225/727234,KS410118@pfarrcaritas-kita.at,Pfarrcaritas,Linz Land
kindergarten,Pfarrcaritas Kindergarten,Kindergartenstraße 1,4063,Hörsching,07221/72232,KG410245@pfarrcaritas-kita.at,Pfarrcaritas,Linz Land
kindergarten,Pfarrcaritas Kindergarten,Bruckstraße 6,4531,Kematen/Krems,0664-9277589,KG410246@pfarrcaritas-kita.at,Pfarrcaritas,
kindergarten,Pfarrcaritas Kindergarten,Kindergartenstraße 6,4533,Kematen/Piberbach,07228/8286,KG410253@pfarrcaritas-kita.at,Pfarrcaritas,
krabbelstube,Pfarrcaritas Krabbelstube,Kindergartenstraße 6,4533,Kematen/Piberbach,07228/8286,KS410126@pfarrcaritas-kita.at,Pfarrcaritas,
kindergarten,Pfarrcaritas Kindergarten,Michaelsbergstraße 23,4060,Leonding St. Michael,0676/8776-5915,KG410248@pfarrcaritas-kita.at,Pfarrcaritas,
kindergarten,Pfarrcaritas Kindergarten,Brucknerstraße 10,4501,Neuhofen/Krems I Zum hl. Benedikt,07227/4590,KG410250@pfarrcaritas-kita.at,Pfarrcaritas,
kindergarten,Pfarrcaritas Kindergarten,Kremsallee 7,4501,Neuhofen/Krems II,07227/5613,KG410251@pfarrcaritas-kita.at,Pfarrcaritas,
kindergarten,Pfarrcaritas Kindergarten,Kirchengasse 2,4061,Langholzfeld,07229/64417,KG410252@pfarrcaritas-kita.at,Pfarrcaritas,
kindergarten,Pfarrcaritas Kindergarten,Hausfeld 22,4490,St. Florian/Linz II,0660/2624488,KG410254@pfarrcaritas-kita.at,Pfarrcaritas,
kindergarten,Pfarrcaritas Kindergarten,Wiener Straße 6,4490,St. Florian/Linz I,0660/2624472,KG410255@pfarrcaritas-kita.at,Pfarrcaritas,
hort,Pfarrcaritas Hort,Nr. 36,4502,St. Marien,07227/8159-50,HO410625@pfarrcaritas-kita.at,Pfarrcaritas,
kindergarten,Pfarrcaritas Kindergarten,Nr. 43,4502,St. Marien,07227/8044,KG410256@pfarrcaritas-kita.at,Pfarrcaritas,
krabbelstube,Pfarrcaritas Krabbelstube,Nr.  43,4502,St. Marien,07227/8044,KS410119@pfarrcaritas-kita.at,Pfarrcaritas,
kindergarten,Pfarrcaritas Kindergarten,Kindergartenstraße 3,4502,St. Marien - Nöstlbach,07227/5436,KG410258@pfarrcaritas-kita.at,Pfarrcaritas,
krabbelstube,Pfarrcaritas Krabbelstube,Kindergartenstraße 3,4502,St. Marien - Nöstlbach,07227/5436,KS410112@pfarrcaritas-kita.at,Pfarrcaritas,
hort,Pfarrcaritas Hort,Weichstetten West 23,4502,Weichstetten,07227/8525-16,HO410630@pfarrcaritas-kita.at,Pfarrcaritas,
kindergarten,Pfarrcaritas Kindergarten,Weichstetten West 23,4502,Weichstetten,07227/8525-10,KG410257@pfarrcaritas-kita.at,Pfarrcaritas,
krabbelstube,Pfarrcaritas Krabbelstube,Weichstetten West 23,4502,Weichstetten,07227/8525-10,KS410122@pfarrcaritas-kita.at,Pfarrcaritas,
kindergarten,Pfarrcaritas Kindergarten,W. Angerstr.  9,4050,Traun St. Dionysen,07229/75966,KG410259@pfarrcaritas-kita.at,Pfarrcaritas,
kindergarten,Pfarrcaritas Kindergarten,Kindergartenweg 6,4073,Schönering St. Stefan,07226/2634,KG410262@pfarrcaritas-kita.at,Pfarrcaritas,
kindergarten,Pfarrcaritas Kindergarten,Pfarrhofweg 9,4073,Dörnbach,07221/87177,KG410261@pfarrcaritas-kita.at,Pfarrcaritas,
kindergarten,Pfarrcaritas Kindergarten,Kreuznerstraße 35,4360,Grein,07268/444,KG411220@pfarrcaritas-kita.at,Pfarrcaritas,Perg
krabbelstube,Pfarrcaritas Krabbelstube,Kreuznerstraße 35,4360,Grein,07268/444,KS411106@pfarrcaritas-kita.at,Pfarrcaritas,Perg
kindergarten,Pfarrcaritas Kindergarten,Höhenstraße 11,4223,Katsdorf,0699-11422340,KG411221@pfarrcaritas-kita.at,Pfarrcaritas,Perg
krabbelstube,Pfarrcaritas Krabbelstube,Höhenstr.  15,4223,Katsdorf,0699/11422344,KS411105@pfarrcaritas-kita.at,Pfarrcaritas,Perg
kindergarten,Pfarrcaritas Kindergarten,Schulstraße 11,4222,Langenstein,07237/5052,KG411222@pfarrcaritas-kita.at,Pfarrcaritas,Perg
krabbelstube,Pfarrcaritas Krabbelstube,Schulstraße  11,4222,Langenstein,07237/5052,KS411114@pfarrcaritas-kita.at,Pfarrcaritas,Perg
kindergarten,Pfarrcaritas Kindergarten,Lindenweg  9,4310,Mauthausen,07238/2608,KG411223@pfarrcaritas-kita.at,Pfarrcaritas,Perg
kindergarten,Pfarrcaritas Kindergarten,Nr. 61,4343,Mitterkirchen,07269/8197,KG411224@pfarrcaritas-kita.at,Pfarrcaritas,Perg
krabbelstube,Pfarrcaritas Krabbelstube,Nr.  61,4343,Mitterkirchen,07269/8197,KS411118@pfarrcaritas-kita.at,Pfarrcaritas,Perg
kindergarten,Pfarrcaritas Kindergarten,Severinweg 2,4331,Naarn,07262/58791,KG411225@pfarrcaritas-kita.at,Pfarrcaritas,Perg
krabbelstube,Pfarrcaritas Krabbelstube,Severinweg  2,4331,Naarn,0680/2327477,KS411108@pfarrcaritas-kita.at,Pfarrcaritas,Perg
kindergarten,Pfarrcaritas Kindergarten,Sonnleitn 1,4363,Pabneukirchen,07265/5256,KG411226@pfarrcaritas-kita.at,Pfarrcaritas,Perg
krabbelstube,Pfarrcaritas Krabbelstube,Markt 77a,4363,Pabneukirchen,07265/5265,KS411126@pfarrcaritas-kita.at,Pfarrcaritas,Perg
kindergarten,Pfarrcaritas Kindergarten,Nr. 1,4324,Rechberg,07264/4855,KG411227@pfarrcaritas-kita.at,Pfarrcaritas,Perg
krabbelstube,Pfarrcaritas Krabbelstube,Parkring  16,4312,Ried i. d. Riedmark,07238/29999,KS411110@pfarrcaritas-kita.at,Pfarrcaritas,
kindergarten,Pfarrcaritas Kindergarten,Bahnhofstraße 15,4311,Schwertberg,0676/4558901,KG411229@pfarrcaritas-kita.at,Pfarrcaritas,
krabbelstube,Pfarrcaritas Krabbelstube,Friedhofstr. 16,4311,Schwertberg,0680/1552753,KS411102@pfarrcaritas-kita.at,Pfarrcaritas,
kindergarten,Pfarrcaritas Kindergarten,Hopfau 2,4222,St. Georgen/Gusen,07237/2609,KG411230@pfarrcaritas-kita.at,Pfarrcaritas,
kindergarten,Pfarrcaritas Kindergarten,Marktplatz 16,4971,Aurolzmünster,07752/82169,KG412239@pfarrcaritas-kita.at,Pfarrcaritas,Ried i. Innkreis
krabbelstube,Pfarrcaritas Krabbelstube,Marktplatz 16,4971,Aurolzmünster,07752/82169,KS412107@pfarrcaritas-kita.at,Pfarrcaritas,Ried i. Innkreis
kindergarten,Pfarrcaritas Kindergarten,Maierhof 33,4906,Eberschwang,0680/2412715,KG412240@pfarrcaritas-kita.at,Pfarrcaritas,Ried i. Innkreis
krabbelstube,Pfarrcaritas Krabbelstube,Maierhof 33,4906,Eberschwang,0677-61603870,KS412118@pfarrcaritas-kita.at,Pfarrcaritas,Ried i. Innkreis
kindergarten,Pfarrcaritas Kindergarten,Nr. 53,4925,Pramet,07754/8588,KG412241@pfarrcaritas-kita.at,Pfarrcaritas,Ried i. Innkreis
hort,Hort Vereins f. Franziskanische Bildung,Kapuzinerberg 19,4910,Ried im Innkreis,0676/883481515,office@vffb.or.at,VFFB,Ried i. Innkreis
kindergarten,Pfarrcaritas Kindergarten,Schulstraße  6,4121,Altenfelden,07282/6550,KG413222@pfarrcaritas-kita.at,Pfarrcaritas,Rohrbach
kindergarten,Pfarrcaritas Kindergarten,Hermann-Mathie-Weg 1,4170,Haslach,07289/71501,KG413224@pfarrcaritas-kita.at,Pfarrcaritas,Rohrbach
kindergarten,Pfarrcaritas Kindergarten,Nr. 20a,4115,Kleinzell,0664/8341496,KG413225@pfarrcaritas-kita.at,Pfarrcaritas,Rohrbach
krabbelstube,Pfarrcaritas Krabbelstube,Nr. 20a,4115,Kleinzell,0664/8341496,KS413109@pfarrcaritas-kita.at,Pfarrcaritas,Rohrbach
krabbelstube,Pfarrcaritas Krabbelstube,Schulstr. 12a,4132,Lembach,07286/20350,KS413107@pfarrcaritas-kita.at,Pfarrcaritas,
kindergarten,Pfarrcaritas Kindergarten,Färberweg 1,4153,Peilstein,0676/8244-4490,KG413227@pfarrcaritas-kita.at,Pfarrcaritas,
krabbelstube,Pfarrcaritas Krabbelstube,Färberweg 1,4153,Peilstein,07287/7252,KS413112@pfarrcaritas-kita.at,Pfarrcaritas,
kindergarten,Pfarrcaritas Kindergarten,Markt  35,4134,Putzleinsdorf,07286/7055,KG413228@pfarrcaritas-kita.at,Pfarrcaritas,
kindergarten,Pfarrcaritas Kindergarten,Harrauerstraße 5,4150,Rohrbach,07289/4360,KG413229@pfarrcaritas-kita.at,Pfarrcaritas,
krabbelstube,Pfarrcaritas Krabbelstube,Harrauerstraße 5,4150,Rohrbach,07289/4360,KS413104@pfarrcaritas-kita.at,Pfarrcaritas,
kindergarten,Pfarrcaritas Kindergarten,Bahnhofstr. 29,4150,Rohrbach-Berg,07289/6295,KG413223@pfarrcaritas-kita.at,Pfarrcaritas,
krabbelstube,Pfarrcaritas Krabbelstube,Bahnhofstr. 29,4150,Rohrbach-Berg,07289/6295,KS413110@pfarrcaritas-kita.at,Pfarrcaritas,
kindergarten,Pfarrcaritas Kindergarten,"Hanriederstraße 4, 32",4152,Sarleinsbach,07283/8553,KG413230@pfarrcaritas-kita.at,Pfarrcaritas,
krabbelstube,Pfarrcaritas Krabbelstube,Hanriederstraße 4,4152,Sarleinsbach,07283/8553,KS413106@pfarrcaritas-kita.at,Pfarrcaritas,
kindergarten,Pfarrcaritas Kindergarten,Markt 18,4113,St. Martin/Mkr.,07232/3522,KG413232@pfarrcaritas-kita.at,Pfarrcaritas,
krabbelstube,Pfarrcaritas Krabbelstube,Markt 18,4113,St. Martin/Mkr.,0676/8776-6616,KS413105@pfarrcaritas-kita.at,Pfarrcaritas,
kindergarten,Pfarrcaritas Kindergarten,Schulgasse 5,4161,Ulrichsberg,07288/23515,KG413233@pfarrcaritas-kita.at,Pfarrcaritas,
kindergarten,Pfarrcaritas Kindergarten,Hauptstraße  1,4770,Andorf,07766/305216,KG414222@pfarrcaritas-kita.at,Pfarrcaritas,Schärding
krabbelstube,Pfarrcaritas Krabbelstube,Schulgasse 2,4770,Andorf,0776/6305216,KS414102@pfarrcaritas-kita.at,Pfarrcaritas,Schärding
kindergarten,Pfarrcaritas Kindergarten,Nr. 72,4773,Eggerding,07767/595,KG414223@pfarrcaritas-kita.at,Pfarrcaritas,Schärding
kindergarten,Pfarrcaritas Kindergarten,Schulplatz 125,4090,Engelhartszell,0676/8776-6668,KG414224@pfarrcaritas-kita.at,Pfarrcaritas,
hort,Pfarrcaritas Hort,Pfarrer-Hufnagl-Straße 1,4794,Kopfing im Innkreis,07763/2894,HO414603@pfarrcaritas-kita.at,Pfarrcaritas,
kindergarten,Pfarrcaritas Kindergarten,Pfarrer-Hufnagl-Straße 1,4794,Kopfing im Innkreis,07763/2894-40,KG414225@pfarrcaritas-kita.at,Pfarrcaritas,
krabbelstube,Pfarrcaritas Krabbelstube,Pfarrer-Hufnagl-Straße 1,4794,Kopfing im Innkreis,07763-2894,KS414110@pfarrcaritas-kita.at,Pfarrcaritas,
kindergarten,Pfarrcaritas Kindergarten,Schulstraße  23,4760,Raab,07762/2327,KG414221@pfarrcaritas-kita.at,Pfarrcaritas,
krabbelstube,Pfarrcaritas Krabbelstube,Schulstraße 23,4760,Raab,07762/2327,KS414114@pfarrcaritas-kita.at,Pfarrcaritas,
kindergarten,Pfarrcaritas Kindergarten,Marktplatz 95/96,4752,Riedau,07764/8576,KG414226@pfarrcaritas-kita.at,Pfarrcaritas,
krabbelstube,Pfarrcaritas Krabbelstube,Marktplatz 95-96,4752,Riedau,0776/48576,KS414118@pfarrcaritas-kita.at,Pfarrcaritas,
kindergarten,Pfarrcaritas Kindergarten,Peter-Rosegger-Weg 3,4784,Schardenberg,07713/6585,KG414227@pfarrcaritas-kita.at,Pfarrcaritas,
kindergarten,Caritas Kindergarten,DI Erich Thallner Straße 1,4782,St. Florian/Inn EVG-Minis,07712/5311-1230,kindergarten.evg.stflorian@caritas-ooe.at,Caritas,
krabbelstube,Caritas Krabbelstube,DI Erich Thallnerstraße  1,4782,St. Florian/Inn EVG,07712/5311-1232,krabbelstube.evg.stflorian@caritas-ooe.at,Caritas,
kindergarten,Pfarrcaritas Kindergarten,St. Florian 9,4782,St. Florian am Inn,07712/4040,KG414228@pfarrcaritas-kita.at,Pfarrcaritas,
krabbelstube,Pfarrcaritas Krabbelstube,St. Florian 57,4782,St. Florian am Inn,07712/60528,KS414104@pfarrcaritas-kita.at,Pfarrcaritas,
kindergarten,Pfarrcaritas Kindergarten,Nr. 22,4085,Waldkirchen/Wesen,07718/7266-12,KG414229@pfarrcaritas-kita.at,Pfarrcaritas,
kindergarten,Pfarrcaritas Kindergarten,Waldstraße 1,4421,Aschach a. d. Steyr,07259/3505,KG415215@pfarrcaritas-kita.at,Pfarrcaritas,Steyr Land
krabbelstube,Pfarrcaritas Krabbelstube,Waldstraße 1,4421,Aschach a. d. Steyr,07259/3505,KS415113@pfarrcaritas-kita.at,Pfarrcaritas,Steyr Land
krabbelstube,Pfarrcaritas Krabbelstube,Theaterstrasse 8,4540,Bad Hall,0676-6603839,KS415104@pfarrcaritas-kita.at,Pfarrcaritas,
kindergarten,Pfarrcaritas Kindergarten,Möderndorferstraße 4,4540,Bad Hall/Pfarrkirchen,07258/2845,KG415222@pfarrcaritas-kita.at,Pfarrcaritas,
kindergarten,Pfarrcaritas Kindergarten,Pfarrberg 1,4407,Dietach,07252/38888,KG415218@pfarrcaritas-kita.at,Pfarrcaritas,
kindergarten,Pfarrcaritas Kindergarten,Anselm Angererstraße 11,4451,Garsten,07252/45129,KG415219@pfarrcaritas-kita.at,Pfarrcaritas,
krabbelstube,Pfarrcaritas Krabbelstube,Anselm Angererstr. 11,4451,Garsten,07252/45129,KS415106@pfarrcaritas-kita.at,Pfarrcaritas,
kindergarten,Pfarrcaritas Kindergarten,Marktstraße 1,4201,Gramastetten,0676/8776-6764,KG416229@pfarrcaritas-kita.at,Pfarrcaritas,
kindergarten,Pfarrcaritas Kindergarten,Pfarrsiedlung  7,4463,Großraming,07254/8447,KG415220@pfarrcaritas-kita.at,Pfarrcaritas,
krabbelstube,Pfarrcaritas Krabbelstube,Pfarrsiedlung 7,4463,Großraming,07254/8447,KS415115@pfarrcaritas-kita.at,Pfarrcaritas,
kindergarten,Pfarrcaritas Kindergarten,Pfarrheimgasse 6,4522,Sierning,07259/2378,KG415223@pfarrcaritas-kita.at,Pfarrcaritas,
krabbelstube,Pfarrcaritas Krabbelstube,Pfarrheimgasse 6,4522,Sierning,07259/2378,KS415112@pfarrcaritas-kita.at,Pfarrcaritas,
kindergarten,Pfarrcaritas Kindergarten,Steyrtalstr.  22,4523,Sierninghofen/Neuzeug,07259/3179,KG415221@pfarrcaritas-kita.at,Pfarrcaritas,
krabbelstube,Pfarrcaritas Krabbelstube,Josef Teufel Platz 2,4523,Sierninghofen/Neuzeug,07259/3179,KS415120@pfarrcaritas-kita.at,Pfarrcaritas,
kindergarten,Pfarrcaritas Kindergarten,Familiengasse 4,4452,Ternberg,07256/8794,KG415224@pfarrcaritas-kita.at,Pfarrcaritas,
krabbelstube,Pfarrcaritas Krabbelstube,Pfarrhofstr. 12,4452,Ternberg,07256/8794,KS415110@pfarrcaritas-kita.at,Pfarrcaritas,
kindergarten,Pfarrcaritas Kindergarten,Bad Haller Straße 8,4595,Waldneukirchen,0677/61056582,KG415225@pfarrcaritas-kita.at,Pfarrcaritas,
krabbelstube,Pfarrcaritas Krabbelstube,Bad Haller Straße 8,4595,Waldneukirchen,0677/61056582,KS415108@pfarrcaritas-kita.at,Pfarrcaritas,
kindergarten,Kindergarten Schulverein der Kreuzschwestern,Hochhauserstraße 1,4400,Steyr,07252/53140-18,kigasteyr.rudigier@gmx.at,Kreuzschwestern,
kindergarten,Pfarrcaritas Kindergarten,Saaß-Straße 5,4400,Steyr - Christkindl,07252/47985,KG415217@pfarrcaritas-kita.at,Pfarrcaritas,
krabbelstube,Pfarrcaritas Krabbelstube,Saaßstraße 5,4400,Steyr - Christkindl,0676/87765932,KS415107@pfarrcaritas-kita.at,Pfarrcaritas,
kindergarten,Pfarrcaritas Kindergarten,Punzerstraße 45a,4400,Steyr - Münichholz,07252/84515,KG402220@pfarrcaritas-kita.at,Pfarrcaritas,
kindergarten,Pfarrcaritas Kindergarten,Wieserfeldplatz 18a,4400,Steyr St. Michael,07252/72252,KG402221@pfarrcaritas-kita.at,Pfarrcaritas,
kindergarten,Pfarrcaritas Kindergarten,Raiffeisenweg 8,4203,Altenberg,0664/8892 9693,KG416219@pfarrcaritas-kita.at,Pfarrcaritas,Urfahr Umgebung
krabbelstube,Pfarrcaritas Krabbelstube,Raiffeisenweg  8,4203,Altenberg,0664/8892 9692,KS416107@pfarrcaritas-kita.at,Pfarrcaritas,Urfahr Umgebung
kindergarten,Pfarrcaritas Kindergarten,Pfarrerleite 3,4190,Bad Leonfelden,0676/8776-5944,KG416220@pfarrcaritas-kita.at,Pfarrcaritas,Urfahr Umgebung
krabbelstube,Pfarrcaritas Krabbelstube,Pfarrerleite 3,4190,Bad Leonfelden,0676/8776 5944,KS416117@pfarrcaritas-kita.at,Pfarrcaritas,Urfahr Umgebung
kindergarten,Pfarrcaritas Kindergarten,Bürgerstraße 2,4209,Engerwitzdorf/St. Ägidius,0676/8244-4448,KG416221@pfarrcaritas-kita.at,Pfarrcaritas,Urfahr Umgebung
kindergarten,Pfarrcaritas Kindergarten,Leitnerstraße 10,4209,"Treffling, St. Elisabeth",0676-82444460,KG416222@pfarrcaritas-kita.at,Pfarrcaritas,Urfahr Umgebung
kindergarten,Pfarrcaritas Kindergarten,Bürgerstraße 4,4209,Engerwitzdorf St. Florian,07235/20909,KG416214@pfarrcaritas-kita.at,Pfarrcaritas,Urfahr Umgebung
krabbelstube,Pfarrcaritas Krabbelstube,Bürgerstraße 4,4209,Engerwitzdorf St. Florian,07235/20909,KS416122@pfarrcaritas-kita.at,Pfarrcaritas,Urfahr Umgebung
krabbelstube,Pfarrcaritas Krabbelstube,Steiningerweg 12,4209,Treffling,07235/50459 872,KS416115@pfarrcaritas-kita.at,Pfarrcaritas,Urfahr Umgebung
kindergarten,Pfarrcaritas Kindergarten,Marktplatz 1,4101,Feldkirchen I,07233/7582,KG416224@pfarrcaritas-kita.at,Pfarrcaritas,Urfahr Umgebung
kindergarten,Pfarrcaritas Kindergarten,Hauptstraße  16,4101,Feldkirchen II,07233/6455,KG416223@pfarrcaritas-kita.at,Pfarrcaritas,Urfahr Umgebung
kindergarten,Pfarrcaritas Kindergarten,Ludwig-Schwarz-Weg  5,4210,Gallneukirchen St. Josef,0676/82444444,KG416227@pfarrcaritas-kita.at,Pfarrcaritas,
kindergarten,Pfarrcaritas Kindergarten,Feldweg 22 - 24,4210,Gallneukirchen St. Martin,0676- 8244 4442,KG416226@pfarrcaritas-kita.at,Pfarrcaritas,
kindergarten,Caritas Kindergarten,Schulstraße 7,4202,Hellmonsödt,07215/2584,kindergarten.hellmonsoedt@caritas-ooe.at,Caritas,
krabbelstube,Caritas Krabbelstube,Schulstraße 7,4202,Hellmonsödt,0676/8776-5931,krabbelstube.hellmonsoedt@caritas-ooe.at,Caritas,
kindergarten,Pfarrcaritas Kindergarten,Ledererstraße 2,4181,Oberneukirchen,07212/7384,KG416231@pfarrcaritas-kita.at,Pfarrcaritas,
kindergarten,Pfarrcaritas Kindergarten,Gartenstadtstraße 2,4048,Puchenau,0732/221091,KG416232@pfarrcaritas-kita.at,Pfarrcaritas,
kindergarten,Pfarrcaritas Kindergarten,Marktplatz 5,4193,Reichenthal,07214/4488,KG416233@pfarrcaritas-kita.at,Pfarrcaritas,
krabbelstube,Pfarrcaritas Krabbelstube,Marktplatz 5,4193,Reichenthal,07214-4488,KS416123@pfarrcaritas-kita.at,Pfarrcaritas,
kindergarten,Pfarrcaritas Kindergarten,Markt 17,4192,Schenkenfelden,07214/4315,KG416235@pfarrcaritas-kita.at,Pfarrcaritas,
kindergarten,Pfarrcaritas Kindergarten,Fischergasse 6,4221,Steyregg,0676/8244-4641,KG416236@pfarrcaritas-kita.at,Pfarrcaritas,
krabbelstube,Pfarrcaritas Krabbelstube,Fischergasse 6,4221,Steyregg,0676/82444650,KS416105@pfarrcaritas-kita.at,Pfarrcaritas,
krabbelstube,Pfarrcaritas Krabbelstube,Obere Dorfstraße 18,4213,Unterweitersdorf,0676/82444610,KS406120@pfarrcaritas-kita.at,Pfarrcaritas,
kindergarten,Pfarrcaritas Kindergarten,Nr. 60,4182,Waxenberg - Traberg,07217/6356,KG416239@pfarrcaritas-kita.at,Pfarrcaritas,
krabbelstube,Pfarrcaritas Krabbelstube,Nr. 60,4182,Waxenberg - Traberg,07217/6356,KS416118@pfarrcaritas-kita.at,Pfarrcaritas,
kindergarten,Pfarrcaritas Kindergarten,Grießmühlweg 13,4180,Zwettl/Rodl,07212/6844,KG416240@pfarrcaritas-kita.at,Pfarrcaritas,
krabbelstube,Pfarrcaritas Krabbelstube,Grießmühlweg 13,4180,Zwettl/Rodl,07212/203017,KS416125@pfarrcaritas-kita.at,Pfarrcaritas,
kindergarten,Kindergarten Vereins f. Franziskanische Bildung,Maria-Theresien-Straße 5,4800,Attnang Puchheim,0676/883481407,office@vffb.or.at,VFFB,
krabbelstube,Krabbelstube Vereins f. Franziskanische Bildung,Maria-Theresien-Straße 5,4800,Attnang Puchheim,07674/62353-8,office@vffb.or.at,VFFB,
kindergarten,Pfarrcaritas Kindergarten,Hippelsberger Straße 5,4904,Atzbach,07676/20878,KG417269@pfarrcaritas-kita.at,Pfarrcaritas,
kindergarten,Caritas Kindergarten,Nr. 71,4861,Aurach/Hongar,07662/2064,kindergarten.aurach@caritas-ooe.at,Caritas,
krabbelstube,Caritas Krabbelstube,Nr. 71,4861,Aurach/Hongar,07662/2064,kindergarten.aurach@caritas-ooe.at,Caritas,
kindergarten,Pfarrcaritas Kindergarten,Nr. 57,4693,Desselbrunn,07673/370520,KG417227@pfarrcaritas-kita.at,Pfarrcaritas,
kindergarten,Pfarrcaritas Kindergarten,Fornach 40,4892,Fornach,07682/5200,KG417228@pfarrcaritas-kita.at,Pfarrcaritas,
kindergarten,Kindergarten Vereins f. Franziskanische Bildung,Hauptstraße 32,4873,Frankenburg,0676/8834 811 01,office@vffb.or.at,VFFB,
krabbelstube,Krabbelstube Vereins f. Franziskanische Bildung,Hauptstraße 32,4873,Frankenburg,0676/88348-1104,office@vffb.or.at,VFFB,
kindergarten,Pfarrcaritas Kindergarten,Fornacherstr. 26,4890,Frankenmarkt,0681/20756750,KG417230@pfarrcaritas-kita.at,Pfarrcaritas,
krabbelstube,Pfarrcaritas Krabbelstube,Fornacherstraße  12,4890,Frankenmarkt,0681/20756750,KS417135@pfarrcaritas-kita.at,Pfarrcaritas,
kindergarten,Kindergarten Vereins f. Franziskanische Bildung,Rainerstraße 28,5310,Mondsee,06232/2389,office@vffb.or.at,VFFB,
krabbelstube,Krabbelstube Vereins f. Franziskanische Bildung,Rainerstraße 28,5310,Mondsee,0676 88 348 13 10,office@vffb.or.at,VFFB,
kindergarten,Pfarrcaritas Kindergarten,Kirchenstraße 3,4692,Niederthalheim,07673/7206,KG417233@pfarrcaritas-kita.at,Pfarrcaritas,
kindergarten,Pfarrcaritas Kindergarten,Dorfstraße 48,4865,Nußdorf/Attersee,07666/8003,KG417234@pfarrcaritas-kita.at,Pfarrcaritas,
kindergarten,Pfarrcaritas Kindergarten,Nr. 23,4894,Oberhofen/Irrsee,06213/82033,KG417235@pfarrcaritas-kita.at,Pfarrcaritas,
kindergarten,Pfarrcaritas Kindergarten,Kirchham 16,4891,Pöndorf,07684/7110,KG417236@pfarrcaritas-kita.at,Pfarrcaritas,
kindergarten,Pfarrcaritas Kindergarten,Redlham 15,4846,Schwanenstadt - Redlham,0676/8244-4639,KG417242@pfarrcaritas-kita.at,Pfarrcaritas,
kindergarten,Pfarrcaritas Kindergarten,Marktstraße 1,4844,Regau,07672/26984,KG417237@pfarrcaritas-kita.at,Pfarrcaritas,
kindergarten,Pfarrcaritas Kindergarten,Feldweg 7,4844,Regau - Schalchham,07672/24439,KG417238@pfarrcaritas-kita.at,Pfarrcaritas,
kindergarten,Pfarrcaritas Kindergarten,Rüstorf 24,4690,Rüstorf,0699/16107773,KG417246@pfarrcaritas-kita.at,Pfarrcaritas,
krabbelstube,Pfarrcaritas Krabbelstube,Rüstorf  68,4690,Rüstorf,0699/16107773,KS417121@pfarrcaritas-kita.at,Pfarrcaritas,
kindergarten,Pfarrcaritas Kindergarten,Breitenschützing 61,4691,Schwanenstadt - Schlatt,0676/8244-4623,KG417239@pfarrcaritas-kita.at,Pfarrcaritas,
kindergarten,Pfarrcaritas Kindergarten,Kirchengasse 4,4861,Schörfling,07662/8311,KG417240@pfarrcaritas-kita.at,Pfarrcaritas,
kindergarten,Pfarrcaritas Kindergarten,Bach 10,4690,Schwanenstadt - Bach-Rutzenham,0676/8244-4620,KG417247@pfarrcaritas-kita.at,Pfarrcaritas,
kindergarten,Pfarrcaritas Kindergarten,Linzerstraße 18,4690,Schwanenstadt -,0676 82444625,KG417245@pfarrcaritas-kita.at,Pfarrcaritas,
kindergarten,Pfarrcaritas Kindergarten,Atzbacherstraße 16,4690,Schwanenstadt - Oberndorf,0676/82444638,KG417243@pfarrcaritas-kita.at,Pfarrcaritas,
kindergarten,Pfarrcaritas Kindergarten,Süßmayrstraße 13,4690,Schwanenstadt - St. Michael,0676/8244-3163,KG417244@pfarrcaritas-kita.at,Pfarrcaritas,
kindergarten,Pfarrcaritas Kindergarten,Schulweg 18,4863,Seewalchen,07662/5400,KG417248@pfarrcaritas-kita.at,Pfarrcaritas,
kindergarten,Pfarrcaritas Kindergarten,Attergaustraße 25,4880,St. Georgen/Attergau,07667/6377,KG417249@pfarrcaritas-kita.at,Pfarrcaritas,
krabbelstube,Pfarrcaritas Krabbelstube,Attergaustraße 25,4880,St. Georgen/Attergau,07667/6377,KS417133@pfarrcaritas-kita.at,Pfarrcaritas,
kindergarten,Pfarrcaritas Kindergarten,Nr. 15,4841,Ungenach,0676/8244470-0,KG417250@pfarrcaritas-kita.at,Pfarrcaritas,
krabbelstube,Pfarrcaritas Krabbelstube,Nr. 15,4841,Ungenach,0676/8244470-0,KS417111@pfarrcaritas-kita.at,Pfarrcaritas,
hort,Hort Vereins f. Franziskanische Bildung,Dr. Alois Scherer-Str. 2,4840,Vöcklabruck,07672/72680-70,office@vffb.or.at,VFFB,
kindergarten,Praxiskindergarten der BAFEP,Linzerstraße 98,4840,Vöcklabruck,07672/24815-39,kindergarten@donboscoschulen.at,Kirchlich (sonst.),
kindergarten,Kindergarten Vereins f. Franziskanische Bildung,Graben 10,4840,Vöcklabruck,07672/72680-60,office@vffb.or.at,VFFB,
kindergarten,Pfarrcaritas Kindergarten,Pfarrhofgries 1,4840,Vöcklabruck,07672/25747,KG417251@pfarrcaritas-kita.at,Pfarrcaritas,
kindergarten,Pfarrcaritas Kindergarten,Dr. Scheiberstraße  8a,4870,Vöcklamarkt 1,07682/6787,KG417253@pfarrcaritas-kita.at,Pfarrcaritas,
krabbelstube,Pfarrcaritas Krabbelstube,Dr. Scheiberstraße 8a,4870,Vöcklamarkt 1,07682/6787,KS417142@pfarrcaritas-kita.at,Pfarrcaritas,
kindergarten,Pfarrcaritas Kindergarten,Dr. Scheiberstraße 2,4870,Vöcklamarkt 2,0677/63815886,KG417281@pfarrcaritas-kita.at,Pfarrcaritas,
krabbelstube,Pfarrcaritas Krabbelstube,Dr. Scheiberstraße 2,4870,Vöcklamarkt 2,0677/63815886,KS417136@pfarrcaritas-kita.at,Pfarrcaritas,
kindergarten,Pfarrcaritas Kindergarten,Römergasse 11,4852,Weyregg,07664/2357,KG417254@pfarrcaritas-kita.at,Pfarrcaritas,
krabbelstube,Pfarrcaritas Krabbelstube,Römergasse 11,4852,Weyregg,0676/87766732,KS417116@pfarrcaritas-kita.at,Pfarrcaritas,
kindergarten,Pfarrcaritas Kindergarten,Roßmarkt 12,4902,Wolfsegg,07676/7501,KG417255@pfarrcaritas-kita.at,Pfarrcaritas,
krabbelstube,Pfarrcaritas Krabbelstube,Marktplatz 4,4902,Wolfsegg,0676/8776-6672,KS417125@pfarrcaritas-kita.at,Pfarrcaritas,
kindergarten,Pfarrcaritas Kindergarten,Museumsweg 1,4893,Zell am Moos,06234/7024,KG417256@pfarrcaritas-kita.at,Pfarrcaritas,
krabbelstube,Pfarrcaritas Krabbelstube,Museumsweg 1,4893,Zell am Moos,06234/7024,KG417256@pfarrcaritas-kita.at,Pfarrcaritas,
kindergarten,Pfarrcaritas Kindergarten,Langwies 48,4871,Zipf,07682/6730,KG417257@pfarrcaritas-kita.at,Pfarrcaritas,
hort,Hort Schulverein der Kreuzschwestern,Fadingerstraße 10,4600,Wels,07242/354272,kigahort@wels.kreuzschwestern.at,Kreuzschwestern,Wels
hort,Hort Vereins f. Franziskanische Bildung,Schubertstraße 51,4600,Wels,0676/ 883481826,office@vffb.or.at,VFFB,Wels
kindergarten,Kindergarten Schulverein der Kreuzschwestern,Fadingerstraße 10,4600,Wels,07242/354272,kigahort@wels.kreuzschwestern.at,Kreuzschwestern,Wels
kindergarten,Betriebskindergarten Klinikum Kreuzschwestern,Römerstraße 82,4600,Wels,07242/68180,kiga.klinikum@aon.at,Kreuzschwestern,Wels
krabbelstube,Krabbelstube Vereins f. Franziskanische Bildung,Schubertstraße 49,4600,Wels,0676-883481833,office@vffb.or.at,VFFB,
kindergarten,Pfarrcaritas Kindergarten,Fabrikstraße 6-8,4600,"Wels, Stadtpfarre",07242/44154,KG403213@pfarrcaritas-kita.at,Pfarrcaritas,
kindergarten,Pfarrcaritas Kindergarten,Macsadyweg 1,4600,Wels Lichtenegg St. Stephan,07242/46838,KG403214@pfarrcaritas-kita.at,Pfarrcaritas,
krabbelstube,Pfarrcaritas Krabbelstube,Fabrikstraße 6-8,4600,"Wels, Stadtpfarre",07242/44154,KS403105@pfarrcaritas-kita.at,Pfarrcaritas,
kindergarten,Caritas Kindergarten,Schulstraße  13a,4672,Bachmanning,07735/20043,kindergarten.bachmanning@caritas-ooe.at,Caritas,Wels Land
kindergarten,Pfarrcaritas Kindergarten,Pfarrhofgasse 1,4611,Buchkirchen,07242/28180,KG418220@pfarrcaritas-kita.at,Pfarrcaritas,Wels Land
kindergarten,Pfarrcaritas Kindergarten,Welserstraße  7,4623,Gunskirchen,0676/8244-4470,KG418221@pfarrcaritas-kita.at,Pfarrcaritas,Wels Land
kindergarten,Vereinskindergarten,Gartenstraße 2,4625,Offenhausen,07247/6250,leitung@kindergarten.offenhausen.at,Kirchlich (sonst.),Wels Land
krabbelstube,Vereinskrabbelstube,Gartenstraße 2,4625,Offenhausen,07247/6250,leitung@kindergarten.offenhausen.at,Kirchlich (sonst.),Wels Land
kindergarten,Pfarrcaritas Kindergarten,Nr. 12,4624,Pennewang,07245/26351,KG418222@pfarrcaritas-kita.at,Pfarrcaritas,Wels Land
krabbelstube,Pfarrcaritas Krabbelstube,Nr. 12,4624,Pennewang,07245/26351,KS418127@pfarrcaritas-kita.at,Pfarrcaritas,Wels Land
hort,Pfarrcaritas Hort,Mitterweg 1,4632,Pichl bei Wels,07247/8009,HO418611@pfarrcaritas-kita.at,Pfarrcaritas,Wels Land
kindergarten,Pfarrcaritas Kindergarten,Mitterweg  1,4632,Pichl bei Wels,07247/8009,KG418223@pfarrcaritas-kita.at,Pfarrcaritas,Wels Land
krabbelstube,Pfarrcaritas Krabbelstube,Mitterweg 1,4632,Pichl bei Wels,07247/8009-60,KS418108@pfarrcaritas-kita.at,Pfarrcaritas,Wels Land
kindergarten,Pfarrcaritas Kindergarten,Sattledterstraße 6,4642,Sattledt,07244/8903,KG418224@pfarrcaritas-kita.at,Pfarrcaritas,Wels Land
krabbelstube,Pfarrcaritas Krabbelstube,Marktplatz 3/B,4642,Sattledt,07244/20400,KS418109@pfarrcaritas-kita.at,Pfarrcaritas,Wels Land
krabbelstube,Pfarrcaritas Krabbelstube,Am Bräuberg 3,4651,Stadl-Paura,0699/15901031,KS418112@pfarrcaritas-kita.at,Pfarrcaritas,
kindergarten,Pfarrcaritas Kindergarten,Bauordenstraße 1,4651,Stadl-Paura,07245/23803-10,KG418243@pfarrcaritas-kita.at,Pfarrcaritas,
krabbelstube,Pfarrcaritas Krabbelstube,Bauordenstraße 1,4651,Stadl-Paura,0699/15901010,KS418131@pfarrcaritas-kita.at,Pfarrcaritas,
krabbelstube,Pfarrcaritas Krabbelstube,Landstraße 21,4652,Steinerkirchen/Traun,0680/2455054,KS418114@pfarrcaritas-kita.at,Pfarrcaritas,
kindergarten,Pfarrcaritas Kindergarten,Landstraße 21,4652,Steinerkirchen/Traun,0680/2455054,KG418228@pfarrcaritas-kita.at,Pfarrcaritas,
kindergarten,Pfarrcaritas Kindergarten,Brucknerstraße 6,4641,Steinhaus,07242/27172,KG418229@pfarrcaritas-kita.at,Pfarrcaritas,
krabbelstube,Pfarrcaritas Krabbelstube,Brucknerstraße 6,4641,Steinhaus,07242/27172,KS418106@pfarrcaritas-kita.at,Pfarrcaritas,
kindergarten,Pfarrcaritas Kindergarten,Gemeindeplatz 14,4600,"Thalheim bei Wels ""Rundherum""",07242/56410-25,KG418238@pfarrcaritas-kita.at,Pfarrcaritas,
krabbelstube,Pfarrcaritas Krabbelstube,Gemeindeplatz 14,4600,"Thalheim bei Wels ""Rundherum""",07242/56410-25,KS418122@pfarrcaritas-kita.at,Pfarrcaritas,
kindergarten,Pfarrcaritas Kindergarten,Rodlbergerstr. 22,4600,"Thalheim b. Wels  ""Kunterbunt""",07242/56410,KG418230@pfarrcaritas-kita.at,Pfarrcaritas,
krabbelstube,Pfarrcaritas Krabbelstube,Rodlbergerstraße 22,4600,"Thalheim bei Wels ""Kunterbunt""",07242/56410,KS418102@pfarrcaritas-kita.at,Pfarrcaritas,
